zoning_summary,count,total_sqft
AP-PR,4,228925.98162524
AP-PR-BC-TR,71,478333.15299468004
AP-PR-BC-TR-PS,7,266791.9854123933
AP-PR-LS-TR-PS,11,87035.69949311695
AP-PR-PS,1,555514.4804462212
AP-PR-TR-PS,1,375062.2965781011
AP-UM-PR,2,23756.934680328923
AP-UM-PR-LS-PS,4,12324371.557629937
AP-UM-PR-LS-TR,3,5357.875480258222
AP-UM-PR-LS-TR-PS,19,244646.10050153517
AP-UM-PR-LS-TR-PS-HS,4,2804737.304349684
AP-UM-PR-PS,27,7777593.230951069
AP-UM-PR-TR,144,185189.60902167758
AP-UM-PR-TR-PS,13,383802.2874257204
CP-FP-PR,2,140433.68281797963
CP-FP-PR-HO-RR-PS,1,5631234.432525643
CP-FP-PR-LS,1,111574.41193613599
CP-FP-PR-LS-PS,2,46304.45153886695
CP-FP-UM-PR-LS-PS,4,910071.6194850523
CP-PR,8,498363.50135128625
CP-PR-BC,1,46005.75328460929
CP-PR-LS,2,70940.44355967868
CP-PR-LS-PS,9,1543196.1398549222
CP-PR-PS,5,4967551.182812913
CP-UM-PR-LS-PS,5,3252431.4276433624
CP-UM-PR-PS,3,229367.18136412205
CP-UM-PR-TR-PS,1,96051.97754026468
EMI,72,2585300.050555728
EMI-BC-TR,2,55715.772225951194
EMI-FP-LS-PS,1,6171137.31455744
EMI-FP-PR-HO-LS-RR-PS-HS,1,27358873.271680683
EMI-FP-PR-HO-RR-PS,1,5631234.432525643
EMI-HD,1,7616.76057011027
EMI-IZ,45,1052018.7805648444
EMI-IZ-BC-PS,1,16888.66369425422
EMI-IZ-HO-TR,11,259714.9413110475
EMI-IZ-HO-TR-HD,5,115881.47878099667
EMI-IZ-HO-TR-PS-HD,1,20741.458655094953
EMI-IZ-LS-BC,1,10212.287401718739
EMI-IZ-LS-BC-PS,7,972081.5361257643
EMI-IZ-LS-PS,8,3239364.5064227367
EMI-IZ-LS-TR,10,31062.03330108008
EMI-IZ-LS-TR-PS,64,739394.3457916135
EMI-IZ-LS-TR-PS-HD,1,3177.937609988351
EMI-IZ-PR-HO-LS-TR-PS-HD,1,1695971.1605531925
EMI-IZ-PR-HO-TR,1,116354.8341380746
EMI-IZ-PR-HO-TR-PS,10,217747.13410298037
EMI-IZ-PS,3,654095.9873004432
EMI-IZ-TR,11,35413.208449801365
EMI-IZ-TR-HD,1,57409.911204685544
EMI-IZ-TR-PS-HD,1,330064.9439610387
EMI-IZ-UM-HO-LS-TR-PS-HD,2,2636303.234141548
EMI-IZ-UM-LS-TR-PS,10,210210.44482049727
EMI-IZ-UM-TR-PS,2,8433.798831199007
EMI-LS,4,337849.1363847994
EMI-LS-BC-PS,8,477466.9696233091
EMI-LS-BC-TR-PS,2,797422.1451526199
EMI-LS-PS,18,13491731.167796312
EMI-LS-PS-HS,6,34972747.5704027
EMI-LS-TR,32,1450677.12352695
EMI-LS-TR-PS,23,1825439.5377217736
EMI-LS-TR-PS-HD,2,562736.476678743
EMI-NP-LS-TR-PS,5,881596.7448368017
EMI-NP-TR,1,3202.4208054440232
EMI-NP-TR-HD,3,56124.65108484088
EMI-NP-TR-HD-HS,2,24998.690994575903
EMI-NP-TR-PS,6,215259.8745842587
EMI-NP-TR-PS-HD,5,166495.7659800257
EMI-NP-TR-PS-HD-HS,2,111711.61780543388
EMI-PR,10,161300.21068260458
EMI-PR-LS-BC-TR-PS,1,519894.4967410597
EMI-PR-LS-PS,1,6602263.581821277
EMI-PR-LS-TR-PS,1,53033.553790674836
EMI-PR-PS,1,1306791.428662788
EMI-PR-PS-HS,3,139831.77243693348
EMI-PR-TR-PS,2,90275.67524735497
EMI-PS,146,9564182.237237582
EMI-PS-HD,7,2292937.0887104208
EMI-TR,169,2086353.3457436673
EMI-TR-HD,33,2158766.737706508
EMI-TR-HS,2,355859.199874391
EMI-TR-PS,36,2796445.3005321
EMI-TR-PS-HD,9,720404.1788041233
EMI-TR-PS-HD-HS,3,1384923.587827261
EMI-UM,1,8716.018657139868
EMI-UM-LS-SR-PS-HS,1,12454751.900825474
EMI-UM-LS-TR,4,9407.541730035355
EMI-UM-LS-TR-PS,12,435716.91276685835
EMI-UM-PR-PS,3,1075451.7844124602
EMI-UM-PS,28,3386206.311128869
EMI-UM-PS-HS,1,11406.303042470134
EMI-UM-TR-PS,1,990332.5206388907
GI,88,1533165.1581358744
GI-FP,26,576302.5650829964
GI-FP-HS,1,18412.752283682596
GI-FP-LS-PS,4,847574.490202647
GI-FP-LS-SR-PS,5,6576307.8405826995
GI-FP-PR-HO-LS-PS,1,302656.14615130087
GI-FP-PR-HO-LS-RR-SR-PS,1,3412860.5171355973
GI-FP-PR-HO-RR-PS,2,1312283.4530241445
GI-FP-PS,15,1588102.393953485
GI-FP-RR-PS,2,508220.8795651567
GI-FP-RR-SR-PS,1,690154.036764068
GI-FP-SR,22,4544085.359035096
GI-FP-SR-PS,40,40748757.126658574
GI-FP-UM-LS-PS,1,1191598.8992047138
GI-LS,1,14078.429614880559
GI-LS-PS,30,10961109.275019504
GI-LS-SR-PS,2,1420962.6612107442
GI-LS-TR-PS,1,880451.1677322526
GI-NP-PS,1,1160863.2783688612
GI-PR-HO,3,307709.48466351023
GI-PR-HO-RR-PS,1,62793.33885282598
GI-PS,34,4148684.772277566
GI-SR,2,8583.586556947286
GI-SR-PS,7,1058800.7238488544
GPRA-UM,13,62983.69826915764
GPRA-UM-LS-TR,1,826.6642289200896
GPRA-UM-LS-TR-PS,10,527156.1610910079
GPRA-UM-LS-TR-PS-HS,2,2028294.8951726612
GPRA-UM-PS,31,415634.60867901426
GPRA-UM-TR,55,207223.78309877153
GPRA-UM-TR-HS,1,8504.831540921332
GPRA-UM-TR-PS,55,421009.1721757137
GPRA-UM-TR-PS-HS,2,33459.65179411774
GPRB-LS-TR-PS,3,2430.775368046847
GPRB-UM,29,62322.42383381896
GPRB-UM-LS-PS,1,35610.406274731075
GPRB-UM-LS-TR,3,2462.056669248119
GPRB-UM-LS-TR-PS,79,1413381.0731183547
GPRB-UM-PR-LS-TR-PS-HS,1,1862176.9765688772
GPRB-UM-PS,27,136296.75452143128
GPRB-UM-TR,41,95704.3108715886
GPRB-UM-TR-PS,39,201670.64166303337
GPRC-PR-HO-LS-TR-PS-HS,1,32246.26501864177
GPRC-UM-LS-TR-PS,6,941572.2267907157
GPRC-UM-LS-TR-PS-HS,2,50841.78161145205
GPRC-UM-PR-LS-TR-PS,2,33128.54329712919
GPRC-UM-PR-LS-TR-PS-HS,3,2356747.9422067693
GPRC-UM-PR-TR,2,78744.60673864956
GPRC-UM-PR-TR-PS,3,57798.70956385587
GPRC-UM-TR,19,33624.59565262191
GPRC-UM-TR-PS,32,270852.1367052055
GT-A-PR-TR,351,3506833.8827003217
GT-A-PR-TR-HD,55,662370.7398918361
GT-A-PR-TR-HS,1,50522.39122377924
GT-B,9,79386.46886248255
GT-B-FP,1,100125.22047488019
GT-B-FP-PR-TR-PS,1,54832.311740685036
GT-B-FP-PR-TR-RR-PS,1,419607.9761151515
GT-B-PR-LS-TR-PS,2,226255.74575063164
GT-B-PR-TR,114,2923209.240998109
GT-B-PR-TR-HS,9,428121.7272123144
GT-B-PR-TR-PS,66,3446917.8907362074
GT-B-TR,4,385052.00988540554
GT-C-FP-PR-HO-TR-RR-PS,1,299145.30847371416
GT-C-FP-PR-RR-PS,1,39635.380651951615
GT-C-FP-PR-TR,12,239132.37809358572
GT-C-FP-PR-TR-HD,4,93280.19960638284
GT-C-FP-PR-TR-PS,72,176043.39280085624
GT-C-FP-PR-TR-RR,2,555287.3288632998
GT-C-FP-PR-TR-RR-PS,9,2074123.1988962092
GT-C-PR-HO-TR,3,107545.26115896572
GT-C-PR-HO-TR-RR,1,146184.7507463423
GT-C-PR-TR,231,3185629.977368867
GT-C-PR-TR-HD,123,991720.7637541794
GT-C-PR-TR-HS,15,138361.21514009536
GT-C-PR-TR-PS,6,223972.07929478923
GT-C-PR-TR-RR,1,211826.20591039493
GT-C-TR,5,84253.52450342235
GT-C-TR-RR,1,79271.3947757444
GT-D-FP-PR-TR-RR-PS,3,1250365.140155834
GT-D-PR-TR,341,1579957.3156366213
GT-E-LS-TR-PS,1,152405.12169738498
GT-E-LS-TR-PS-HS,2,326979.1450202601
GT-E-PR-PS,2,416477.20036415994
GT-E-PR-TR,1,109.89013902989443
GT-E-PR-TR-PS,17,922811.890043398
GT-E-TR,183,86472.68043737864
GT-E-TR-PS,22,339759.42140336224
H,211,2115271.583084001
H-FP-LS-PS,75,4472503.870658138
H-FP-LS-SR-PS,5,2802951.99066756
H-FP-LS-TR,1,8912.715290430924
H-FP-LS-TR-PS,6,745637.366425428
H-FP-LS-TR-SR-PS,8,3825273.1001243126
H-FP-PR-HO-LS-RR-PS,1,205168.23868551335
H-FP-PR-HO-LS-RR-SR-PS,1,3412860.5171355973
H-FP-PR-HO-LS-TR-SR-PS-HS,1,1587844.8418456563
H-FP-PS,18,236564.5888367548
H-FP-SR,1,85879.62878875795
H-FP-SR-PS,55,1421947.4402823772
H-FP-TR-PS,1,15047.957083856858
H-FP-TR-SR-PS,8,391913.37822971423
H-FP-UM-LS-PS,3,4208792.899103663
H-FP-UM-LS-SR-PS,1,1047403.8813966009
H-FP-UM-LS-TR-PS,2,5932808.538886718
H-FP-UM-LS-TR-SR-PS,3,2765866.679346194
H-FP-UM-PS,2,168455.46107346125
H-HS,1,5323.279433338935
H-IZ,27,135626.83693710633
H-IZ-FP-LS-TR-PS,1,585171.7279150239
H-IZ-HO-BC-PS,1,4274.278520707789
H-IZ-HO-LS-BC-PS,7,640426.6818133965
H-IZ-HO-LS-PS,1,3194.253113075964
H-IZ-HR-PR-HO-LS-PS,1,95994.552969972
H-IZ-HR-PR-HO-LS-TR-PS,1,309265.42797873396
H-IZ-LS,16,68323.22617905098
H-IZ-LS-BC-PS,12,1349550.4476207676
H-IZ-LS-PS,707,8419736.620671941
H-IZ-LS-PS-HD,30,757461.0047096338
H-IZ-LS-PS-HD-HS,12,32137.8897829391
H-IZ-LS-TR,4,22416.507348800795
H-IZ-LS-TR-PS,297,2680867.4631804917
H-IZ-PR-HO-LS-PS,1,163136.44008496878
H-IZ-PR-HO-LS-TR-PS,7,2058818.0058196075
H-IZ-PR-LS-PS,4,1950621.1144978283
H-IZ-PR-LS-TR-PS,1,248803.21942248178
H-IZ-PR-PS,1,16999.046631586993
H-IZ-PS,36,244895.1014757992
H-IZ-TR,7,25265.342480701056
H-IZ-TR-HS,2,10112.05150331424
H-IZ-TR-PS,10,9269.911465431747
H-IZ-UM-PR-LS-TR-PS,1,593590.7230907939
H-IZ-UM-PR-PS,2,228733.79261423595
H-IZ-UM-PS,16,164758.4678288489
H-LS,309,3393622.4196343236
H-LS-HS,24,20893.965188475337
H-LS-PS,6998,108778570.64313835
H-LS-PS-HS,18,32510672.173439074
H-LS-TR,19,114377.91635249357
H-LS-TR-PS,365,8989797.60088143
H-LS-TR-SR-PS,1,88998.40979734935
H-NP-LS-PS,58,881390.6207060731
H-PR-HO-LS-PS,2,3161427.769697536
H-PR-HO-PS,1,7007.467294671022
H-PR-LS-PS,4,10541917.607829854
H-PR-LS-TR-PS,6,312002.99235944997
H-PR-PS,1,4297.519902330064
H-PR-TR,2,36740.38397936512
H-PR-TR-PS,2,48786.05457487736
H-PS,717,8365983.357340699
H-SR-PS,6,412990.4252146797
H-TR,26,158533.07161116225
H-TR-PS,59,1025174.7130164802
H-TR-SR-PS,18,556316.1823826532
H-UM,91,642174.0668264028
H-UM-LS,14,77545.74640774529
H-UM-LS-PS,671,26762330.554998808
H-UM-LS-SR-PS,1,356189.4748720656
H-UM-LS-TR-PS,69,9277853.746195994
H-UM-PR-HO-LS-PS,1,481917.3739738231
H-UM-PR-LS-PS,1,10285112.830864804
H-UM-PR-TR-PS,5,27581.877512021787
H-UM-PS,905,18411274.034789544
H-UM-SR-PS,20,2984242.819007285
H-UM-TR,7,163184.5426056294
H-UM-TR-PS,52,8507215.50246921
H-UM-TR-SR-PS,2,292489.3572272024
HC,1,2300.436160689659
HC-FP,11,159529.35131355378
HC-FP-LS-PS,19,1399213.2382528046
HC-FP-LS-TR-SR-PS,7,553150.4504376265
HC-FP-PR,1,26216.22247243309
HC-FP-PR-LS-PS,1,34366.5234186993
HC-FP-PS,3,46421.96784820304
HC-FP-SR,8,53202.46419381631
HC-FP-SR-PS,8,201479.5169096621
HC-FP-TR,7,171048.20846752432
HC-FP-TR-PS,4,166692.00001463012
HC-FP-TR-SR,7,86889.10856268511
HC-FP-TR-SR-PS,11,763313.6266963548
HC-FP-UM-LS-PS,3,1857581.6478249023
HC-FP-UM-PS,7,300966.2469502646
HC-FP-UM-SR-PS,5,594231.3142046672
HC-FP-UM-TR-SR-PS,1,250143.65782766134
HC-FP-UM-TR-SR-PS-HS,1,1344871.2907694895
HC-LS-PS,27,748459.2401491265
HC-LS-TR-PS,3,119956.13534354215
HC-PR-TR-PS,1,89784.81183353736
HC-TR,14,377229.36799461907
HC-TR-PS,62,1249404.792575066
HC-UM,45,608920.2469255283
HC-UM-LS-PS,3,1334999.3132509084
HC-UM-LS-TR-PS,1,1042149.1120170054
HC-UM-PR-LS-PS,1,510435.5822850708
HC-UM-PS,127,6171692.351275256
HC-UM-SR,7,58697.949118348755
HC-UM-SR-PS,2,105636.30081708438
HC-UM-TR-PS,7,4141145.1142135425
HC-UM-TR-SR-PS,3,1078076.985822081
LNC,1891,13845711.200513575
LNC-BC-PS,1,5564.194868755175
LNC-BC-TR,39,525310.3709237338
LNC-BC-TR-PS,5,157516.62967212885
LNC-FP,89,571511.7986194402
LNC-FP-LS-PS,1,29018.280279122777
LNC-FP-PR-HO-LS-RR-PS,1,1060596.6868890868
LNC-FP-PS,55,623539.2669355602
LNC-FP-SR,7,103215.91505224383
LNC-FP-SR-PS,34,380355.9995781578
LNC-FP-TR,18,207509.50762184057
LNC-FP-TR-HS,1,2955.1786350919238
LNC-FP-TR-PS,5,76009.60536850846
LNC-FP-TR-PS-HS,1,33317.84362570764
LNC-FP-TR-SR,3,109610.24371151322
LNC-FP-TR-SR-PS,18,267871.4362695704
LNC-FP-TR-SR-PS-HS,1,36812.58380349986
LNC-FP-UM-LS-TR-SR-PS,1,1740113.786182095
LNC-FP-UM-TR-PS,1,16374.095134437906
LNC-FP-UM-TR-SR-PS,1,250143.65782766134
LNC-FP-UM-TR-SR-PS-HS,1,1344871.2907694895
LNC-HD,365,2396625.285392496
LNC-HD-HS,1,23546.848912159596
LNC-HS,15,255119.30665300603
LNC-IZ,1006,5227223.479066541
LNC-IZ-BC,60,1126827.8896781206
LNC-IZ-BC-PS,2,13359.182046780455
LNC-IZ-BC-TR-PS,2,37858.44879772092
LNC-IZ-HS,2,30325.419107950707
LNC-IZ-LS-BC-PS,5,911326.131995972
LNC-IZ-LS-PS,3,23279926.592762344
LNC-IZ-LS-TR,70,349002.6251553576
LNC-IZ-LS-TR-PS,53,423465.5062834595
LNC-IZ-PS,53,701668.4142192723
LNC-IZ-PS-HS,2,1050668.3565343563
LNC-IZ-TR,24,122491.90884544131
LNC-IZ-TR-PS,13,103055.66205881153
LNC-IZ-UM,2,13058.871498250352
LNC-IZ-UM-PS,5,38755.521624042216
LNC-LS,28,243155.84216281812
LNC-LS-PS,158,4267661.414783543
LNC-LS-PS-HS,1,99465.11136286623
LNC-LS-TR-PS,12,1362307.24942549
LNC-NP,79,572466.6630776944
LNC-NP-HD,50,253562.43700640468
LNC-NP-HD-HS,2,26967.84766151457
LNC-NP-HS,3,60373.55824466994
LNC-NP-PS,1,37601.710881219326
LNC-NP-PS-HD,1,72884.49413994835
LNC-NP-TR,3,33787.500930852846
LNC-NP-TR-HD,33,272582.4784393157
LNC-PR,4,254847.4376637981
LNC-PR-BC-TR,2,30327.88308719914
LNC-PR-BC-TR-PS,1,200876.375043187
LNC-PR-HO-HD,2,79544.07440213751
LNC-PR-HO-PS,1,392862.2587182164
LNC-PR-LS-BC-TR-PS,1,519894.4967410597
LNC-PR-LS-TR-PS,2,4957.893904717303
LNC-PR-PS,7,269948.75773423613
LNC-PR-TR,1,388552.5405031295
LNC-PS,657,13050832.255393878
LNC-PS-HD,2,21423.4598336402
LNC-PS-HS,9,261884.807949087
LNC-SR,6,24415.36515802303
LNC-SR-PS,2,356775.1464677785
LNC-TR,242,2196897.0148543683
LNC-TR-HS,6,53995.19739501374
LNC-TR-PS,69,639172.413119464
LNC-TR-PS-HS,4,486819.85837379517
LNC-TR-SR-PS,1,490409.4901765115
LNC-UM,423,3237448.007971525
LNC-UM-HS,4,29800.940906552914
LNC-UM-LS,12,62444.5224701224
LNC-UM-LS-PS,19,952953.4449186381
LNC-UM-LS-TR-PS,3,3139988.6655343934
LNC-UM-PR,1,14671.678296693279
LNC-UM-PR-PS,6,477127.7471804105
LNC-UM-PR-TR-PS,2,202853.02177583188
LNC-UM-PS,657,8702278.880691614
LNC-UM-PS-HS,4,46403.75451768029
LNC-UM-SR-PS,2,1134210.0187711238
LNC-UM-TR,104,584147.9953480575
LNC-UM-TR-PS,101,735791.6227588448
MTOBOR-UM,1408,9801294.122270856
MTOBOR-UM-LS-PS,11,315121.8666393342
MTOBOR-UM-LS-SR-PS,5,1839014.470380888
MTOBOR-UM-PS,72,1735587.2826968292
NDI,367,2331917.442407308
NDI-FP,1,2484.46135170225
NDI-FP-LS-PS,6,330681.16197610146
NDI-FP-LS-TR,2,17684.478123326677
NDI-FP-LS-TR-PS,21,961231.0300670048
NDI-FP-LS-TR-SR,3,5481.542347633831
NDI-FP-LS-TR-SR-PS,33,1502390.0765734715
NDI-FP-NP-PR-HO-TR-PS-HD,1,817657.8722083376
NDI-FP-SR-PS,2,17993.477631691167
NDI-FP-TR,29,321588.98000543186
NDI-FP-TR-PS,3,188086.0216984069
NDI-FP-TR-SR,11,198165.18876311262
NDI-FP-TR-SR-PS,13,510654.23270458577
NDI-FP-UM-LS-PS,1,112430.86689121921
NDI-FP-UM-PR-LS-PS,1,160569.4733866767
NDI-FP-UM-PS,2,27155.12501558531
NDI-FP-UM-SR-PS,7,335125.90916606283
NDI-FP-UM-TR-PS,1,24327.11392171824
NDI-HD,20,203090.5160480236
NDI-HS,2,28092.189642904625
NDI-IZ,54,368626.70268091286
NDI-IZ-PS,2,51467.44291052267
NDI-IZ-PS-HS,1,56033.13464013765
NDI-LS,3,16168.455669696155
NDI-LS-PS,52,1901290.0386509318
NDI-LS-PS-HS,1,631594.6545250503
NDI-LS-SR-PS,1,17536.558528548027
NDI-LS-TR-PS,24,1779829.952855531
NDI-LS-TR-SR-PS,1,88998.40979734935
NDI-NP,20,209819.9969322254
NDI-NP-HD,1,4328.005002251654
NDI-NP-HS,1,29429.309256217697
NDI-NP-PS,1,35293.943196896085
NDI-NP-TR-HD,1,11134.444516422263
NDI-NP-TR-PS-HD,4,231635.11816377018
NDI-PR-HO-HD,2,79544.07440213751
NDI-PR-LS-PS,3,300084.08179808076
NDI-PR-PS,1,176545.8986545124
NDI-PS,82,3165165.820418596
NDI-TR,1,4153.700714175015
NDI-TR-PS,3,134170.0498717214
NDI-UM,8,358517.9259861911
NDI-UM-LS,2,113672.39912105867
NDI-UM-LS-PS,24,4476382.728482428
NDI-UM-LS-SR-PS,1,25405.947906618683
NDI-UM-PR-LS-PS,1,510435.5822850708
NDI-UM-PS,50,2855591.871703532
NDI-UM-SR,2,10271.498467734817
NDI-UM-SR-PS,8,1026374.1668534062
NDI-UM-TR-PS,1,2559223.2284359033
NDO,60,368316.50333248265
NDO-HS,2,11021.891471323617
NDO-LS-PS,4,20443.031420781655
NDO-NP,23,73127.23186776826
NDO-NP-HS,1,11689.497445186831
NDO-NP-TR-HD,2,44990.20656841862
NDO-NP-TR-PS-HD,3,33347.930241206705
NDO-NP-TR-PS-HD-HS,1,21156.324043344386
NDO-PS,24,376415.17575106054
NDO-UM-LS-PS,18,513614.81185788376
NDO-UM-PS,2,394614.65536134446
P,161,3049543.4283652953
P-BC-TR,1,11238.7874591651
P-FP-LS-PS,23,9126209.461478055
P-FP-LS-PS-HS,2,271156.0871619024
P-FP-LS-RR-PS,4,1308467.3197726207
P-FP-LS-SR,1,16120.614411837305
P-FP-LS-SR-PS,35,11466087.847614836
P-FP-LS-SR-PS-HD,1,10143.09618026114
P-FP-LS-TR-PS,8,1045335.7490366057
P-FP-LS-TR-SR-PS,22,4921483.91009743
P-FP-NP-PR-HO-TR-PS-HD,1,817657.8722083376
P-FP-PR-HO-LS-PS,1,302656.14615130087
P-FP-PR-HO-LS-RR-PS,3,2165970.368231202
P-FP-PR-HO-LS-RR-PS-HD,1,5023865.88163913
P-FP-PR-HO-LS-RR-PS-HS,1,27358873.271680683
P-FP-PR-HO-LS-TR-SR-PS-HS,1,1587844.8418456563
P-FP-PR-HO-RR-PS,1,5631234.432525643
P-FP-PR-LS-PS,1,11937.928120167655
P-FP-PR-LS-RR-PS-HD,1,1656040.3630040418
P-FP-PR-LS-SR-PS,1,490737.774721325
P-FP-PR-LS-SR-PS-HD,4,4367534.485144901
P-FP-PR-RR-SR-PS-HD,1,277933.3435401783
P-FP-PR-SR-PS,1,5024.558211766348
P-FP-PR-SR-PS-HD,1,117284.02096405362
P-FP-PR-TR,3,51993.43965006637
P-FP-PR-TR-PS,5,1103860.047274069
P-FP-PR-TR-RR-PS,2,878010.4971656076
P-FP-PS,8,2347568.4101683605
P-FP-RR-PS-HD,1,123366.26833527717
P-FP-SR,1,27791.686597428838
P-FP-SR-PS,23,8870527.555462696
P-FP-SR-PS-HS,1,220544.19577990065
P-FP-TR,1,33315.78487134081
P-FP-TR-PS,3,169676.24749329587
P-FP-TR-SR-PS,20,3531713.673787909
P-FP-UM-LS-PS,3,1762765.1721181164
P-FP-UM-LS-SR-PS,3,49666100.65787514
P-FP-UM-LS-TR-PS,1,5590962.827781755
P-FP-UM-LS-TR-SR-PS,2,4687281.510917386
P-FP-UM-PR-LS-PS,1,160569.4733866767
P-FP-UM-PR-LS-SR-PS-HD,1,34010633.512487605
P-FP-UM-PS,4,171051.92786436356
P-FP-UM-SR-PS,16,542831.5316693505
P-FP-UM-TR-SR-PS-HS,1,1344871.2907694895
P-HD,19,387571.2170690364
P-HS,1,19596.666784428497
P-IZ,23,309639.04717141774
P-IZ-BC,2,104256.15443715986
P-IZ-LS,3,15981.065690305086
P-IZ-LS-PS,35,27512584.527624708
P-IZ-LS-PS-HD,4,472344.5329406883
P-IZ-LS-TR-PS,1,1651265.2190450148
P-IZ-LS-TR-PS-HD,1,3177.937609988351
P-IZ-PR-HO,1,44076.34066807846
P-IZ-PR-HO-LS-TR-PS,1,1868395.0031623405
P-IZ-PR-HO-LS-TR-PS-HD,1,1695971.1605531925
P-IZ-PR-LS-PS,2,1837086.0129237904
P-IZ-PS,30,1384341.3665721864
P-IZ-PS-HS,2,974150.3306707552
P-IZ-TR,3,88603.47108672681
P-IZ-TR-HD,2,109833.59501367269
P-IZ-TR-PS,4,234842.28739406666
P-IZ-TR-PS-HD,1,330064.9439610387
P-IZ-UM-PS,1,119907.60696685265
P-IZ-UM-TR-PS,2,8433.798831199007
P-LS,38,1448902.5766598177
P-LS-HD,1,6669.20306558011
P-LS-PS,2294,99165591.59340757
P-LS-PS-HD,25,13888701.046051474
P-LS-PS-HS,23,38484472.409987755
P-LS-SR-PS,83,5222933.5662376
P-LS-SR-PS-HS,1,687829.3844469627
P-LS-TR,5,16418.537760309708
P-LS-TR-PS,443,9229297.072376812
P-LS-TR-PS-HS,2,326979.1450202601
P-LS-TR-SR-PS,5,281218.91678474244
P-NP,3,323415.2824552714
P-NP-HD,2,211865.28594466645
P-NP-LS-PS,7,253551.11490201313
P-NP-PR,6,512852.90608895035
P-NP-PR-HD,2,292616.2538884937
P-NP-PR-HO-TR-PS,1,136548.4280549943
P-NP-PR-HO-TR-PS-HD,1,4204769.150536856
P-NP-PR-PS,1,84574.89251830133
P-NP-PR-TR-HD,1,153870.27687175325
P-NP-PR-TR-PS-HD,1,69621.11049282427
P-NP-PS,2,1328548.152274725
P-NP-TR-PS-HD,4,67444.4922000154
P-PR,11,587471.1017460433
P-PR-HO,1,17664.497672813057
P-PR-HO-LS-PS,2,3418140.445723701
P-PR-HO-LS-TR-PS,2,71682.56692212695
P-PR-HO-LS-TR-PS-HS,1,32246.26501864177
P-PR-HO-PS,2,810846.2097746169
P-PR-HO-RR-PS,1,318657.7224641851
P-PR-HO-TR-PS,1,94791.30469285756
P-PR-HS,4,282104.28762420575
P-PR-LS,2,17538.653154184198
P-PR-LS-PS,45,32501634.667920753
P-PR-LS-PS-HD,5,5453550.025324717
P-PR-LS-SR-PS-HD,1,203314.84827108015
P-PR-LS-TR-PS,7,2984046.8913742453
P-PR-PS,17,4586889.897095609
P-PR-PS-HD,3,140740.00291948035
P-PR-TR,2,36710.36904441712
P-PS,673,20494525.752119467
P-PS-HD,41,3234750.7616496007
P-PS-HS,10,1256672.4994865807
P-SR-PS,22,2120349.7530928017
P-TR,27,69853.61730834849
P-TR-PS,35,2278798.7089973744
P-TR-SR-PS,8,1964135.4565185544
P-UM,134,1649944.9607551955
P-UM-HD,9,1849785.8449389632
P-UM-LS,9,285166.2761316986
P-UM-LS-PS,505,83882831.48297933
P-UM-LS-SR-PS,28,10543820.088351179
P-UM-LS-SR-PS-HS,1,12454751.900825474
P-UM-LS-TR-PS,160,15711392.75084038
P-UM-LS-TR-PS-HS,3,2069455.8051560768
P-UM-LS-TR-SR-PS,1,460316.6428983101
P-UM-PR,3,23103.51077730162
P-UM-PR-HO-LS-PS,1,481917.3739738231
P-UM-PR-LS-PS,15,27473003.22759022
P-UM-PR-LS-SR-PS,1,1107274.6133938988
P-UM-PR-LS-TR-PS,3,804857.808619683
P-UM-PR-LS-TR-PS-HS,4,2804737.304349684
P-UM-PR-PS,35,8790729.804689387
P-UM-PS,1144,48515779.092711635
P-UM-PS-HD,4,611046.3874768248
P-UM-SR,1,19269.14445718212
P-UM-SR-PS,29,3258573.8655619337
P-UM-TR,13,125069.53851893505
P-UM-TR-PS,302,22412411.310832806
P-UM-TR-SR-PS,1,754939.4803923224
R-MU-IZ-PR-HO,296,1428927.8104308255
R-MU-IZ-PR-HO-HD,2,24920.755763914312
R-MU-IZ-PR-HO-LS-PS,6,144004.26744530682
R-MU-IZ-PR-HO-LS-TR-PS,8,44920.94876021722
R-MU-IZ-PR-HO-LS-TR-PS-HD,1,1695971.1605531925
R-MU-IZ-PR-HO-PS,27,226361.8159002628
R-MU-IZ-PR-HO-PS-HD,3,18038.228746016775
R-MU-IZ-PR-HO-TR,168,954417.4916424911
R-MU-IZ-PR-HO-TR-PS,27,412597.5055225041
R1A-H,2039,9837894.942568656
R1A-H-BC-TR,4,22056.30753408334
R1A-H-BC-TR-PS,2,8250.921982016684
R1A-H-BC-TR-PS-HD,1,317205.14891942206
R1A-H-FP-PR-HO-LS-RR-PS-HD,1,5023865.88163913
R1A-H-HD,26,99152.22295797663
R1A-H-HO,1,57816.85804650567
R1A-H-HS,2,206320.19790879078
R1A-H-IZ,2538,9449553.42626543
R1A-H-IZ-HD,73,430284.7257360135
R1A-H-IZ-HR-PR-HO,6,24972.091098930236
R1A-H-IZ-HR-PR-HO-PS,1,6415.713116745582
R1A-H-IZ-HR-PR-HO-TR,13,64587.60380494939
R1A-H-IZ-HR-PR-HO-TR-PS,5,20432.308584974897
R1A-H-IZ-HS,4,95112.14386859306
R1A-H-IZ-LS,36,190707.61631086128
R1A-H-IZ-LS-HD,6,29520.153287826728
R1A-H-IZ-LS-PS,131,1589722.4248473237
R1A-H-IZ-LS-PS-HD,30,743835.7124561672
R1A-H-IZ-LS-TR,7,42871.69571959328
R1A-H-IZ-LS-TR-PS,32,315299.4266257043
R1A-H-IZ-PR-HO-LS-TR-PS,1,1868395.0031623405
R1A-H-IZ-PR-TR-PS,1,3989.6658644622785
R1A-H-IZ-PS,266,1954941.502595255
R1A-H-IZ-PS-HD,3,19459.661429903914
R1A-H-IZ-PS-HS,3,408783.8641711116
R1A-H-IZ-TR,79,237671.1947171073
R1A-H-IZ-TR-PS,56,254101.0817143106
R1A-H-IZ-UM,5,13814.256555258273
R1A-H-IZ-UM-LS-TR,2,12722.566040316495
R1A-H-IZ-UM-LS-TR-PS,47,314469.4143322233
R1A-H-IZ-UM-PR-LS-TR-PS,1,593590.7230907939
R1A-H-IZ-UM-PR-TR-PS,1,165008.1576238814
R1A-H-IZ-UM-PS,41,220472.25395945043
R1A-H-IZ-UM-TR-PS,9,29306.059721901143
R1A-H-LS,133,560912.671067747
R1A-H-LS-PS,910,8566146.352281604
R1A-H-NP,70,567868.7591738629
R1A-H-NP-HD,557,2331209.0768686216
R1A-H-NP-HD-HS,2,67081.68590974303
R1A-H-NP-PS-HD,11,145616.77598870744
R1A-H-NP-TR-HD,29,208960.58601799677
R1A-H-PR-BC-TR-PS,3,453313.0771335199
R1A-H-PR-HO,1,40321.83268904413
R1A-H-PR-LS-BC-TR-PS,1,519894.4967410597
R1A-H-PR-LS-PS,3,90514.7680630966
R1A-H-PS,663,4634098.996983656
R1A-H-PS-HD,1,398935.4137921505
R1A-H-PS-HS,1,119108.55965529174
R1A-H-TR,182,1368329.356593919
R1A-H-TR-HD,7,79214.57769957939
R1A-H-TR-HD-HS,8,40026.784276437975
R1A-H-TR-PS,36,832367.1055754395
R1A-H-TR-PS-HD,6,16977.987478750372
R1A-H-TR-PS-HD-HS,3,11774.481485308226
R1A-H-UM,129,749219.8944676023
R1A-H-UM-LS-PS,26,5092833.651257907
R1A-H-UM-PS,216,1483425.0627538022
R1A-H-UM-TR,59,340082.28736718936
R1A-H-UM-TR-PS,79,521772.99876926205
R1A-M,227,734557.8831093248
R1A-M-FP-UM-LS-PS,1,2809946.6573009444
R1A-M-LS,42,214231.11978771098
R1A-M-LS-PS,398,14698397.96378244
R1A-M-NP,109,506785.15696703416
R1A-M-NP-PS,12,42642.45521446249
R1A-M-PS,120,677126.8324384135
R1A-M-TR,44,310094.6154339905
R1A-M-TR-PS,25,1265418.9614552218
R1A-M-UM,59,499050.0900642237
R1A-M-UM-LS-PS,6,747239.9300797064
R1A-M-UM-PS,68,671711.453809021
R1A-VH,3251,10152644.175057098
R1A-VH-BC-TR,61,326309.57220496563
R1A-VH-BC-TR-PS,45,449835.77956798207
R1A-VH-BC-TR-PS-HD,1,317205.14891942206
R1A-VH-FP-LS-PS,4,23371.83948164364
R1A-VH-FP-PR-HO-PS,1,26622.398276311116
R1A-VH-HD,59,358622.57040391274
R1A-VH-HS,3,24204.515195059124
R1A-VH-IZ,2547,6934671.41400011
R1A-VH-IZ-FP,8,27711.71502479136
R1A-VH-IZ-FP-PR-HO,2,86562.00169541751
R1A-VH-IZ-FP-PR-HO-PS,1,124259.37974877834
R1A-VH-IZ-HR-PR-HO,4,20632.12116388935
R1A-VH-IZ-HR-PR-HO-LS-PS,1,95994.552969972
R1A-VH-IZ-HR-PR-HO-LS-TR-PS,1,309265.42797873396
R1A-VH-IZ-HR-PR-HO-PS,9,67960.94480111712
R1A-VH-IZ-HR-PR-HO-TR,14,114348.88192292667
R1A-VH-IZ-HR-PR-HO-TR-PS,7,100655.85973678084
R1A-VH-IZ-HS,11,44990.70590390725
R1A-VH-IZ-LS,26,72992.97675115727
R1A-VH-IZ-LS-PS,53,344155.3421702642
R1A-VH-IZ-LS-TR,58,158602.9323566821
R1A-VH-IZ-LS-TR-PS,120,937346.0758071122
R1A-VH-IZ-PR-HO,29,91133.89814863936
R1A-VH-IZ-PS,206,835137.9801600977
R1A-VH-IZ-TR,116,299307.8048950487
R1A-VH-IZ-TR-PS,79,307402.76176736486
R1A-VH-IZ-UM,17,40765.59993553354
R1A-VH-IZ-UM-LS,1,2602.9034177700705
R1A-VH-IZ-UM-LS-PS,1,5104.97403982413
R1A-VH-IZ-UM-LS-TR,13,38081.19259642319
R1A-VH-IZ-UM-LS-TR-PS,34,297833.3143442606
R1A-VH-IZ-UM-PS,3,20039.80937403682
R1A-VH-IZ-UM-TR,2,5962.219812561516
R1A-VH-IZ-UM-TR-PS,2,8433.798831199007
R1A-VH-LS,96,305101.4931261367
R1A-VH-LS-PS,416,2633544.0485600387
R1A-VH-LS-PS-HS,2,83082.68660893363
R1A-VH-LS-TR-PS,1,880451.1677322526
R1A-VH-NP,667,2723992.118405706
R1A-VH-NP-HD,1369,4616845.625527919
R1A-VH-NP-HD-HS,5,14311.237203386849
R1A-VH-NP-LS,50,132885.56342964843
R1A-VH-NP-LS-HD,3,23189.093937831323
R1A-VH-NP-LS-PS,150,1448876.7479557206
R1A-VH-NP-LS-PS-HD,5,14651.495056318123
R1A-VH-NP-PR-HO-PS-HD,1,21433.207278697355
R1A-VH-NP-PS,51,1516765.9491267973
R1A-VH-NP-PS-HD,25,131289.50973361856
R1A-VH-PR-BC-TR-PS,3,453313.0771335199
R1A-VH-PR-HO,2,4183.0754419806835
R1A-VH-PR-HO-HD,2,79544.07440213751
R1A-VH-PR-HO-PS,1,2582.5203428773543
R1A-VH-PR-LS-BC-TR-PS,1,519894.4967410597
R1A-VH-PS,193,848263.8504780752
R1A-VH-TR,298,1512751.8349652346
R1A-VH-TR-PS,17,81567.90948077958
R1A-VH-UM,16,65636.10978334707
R1A-VH-UM-LS,39,142423.8486329658
R1A-VH-UM-LS-PS,166,1044702.3199734131
R1A-VH-UM-PS,25,118578.86287122231
R1D-H,3889,19706059.191402756
R1D-H-FP-LS-SR-PS,1,2159962.8212684216
R1D-H-FP-PS,1,109837.76963521779
R1D-H-FP-SR-PS,2,17993.477631691167
R1D-H-FP-TR,4,84896.33926396957
R1D-H-FP-TR-PS,5,101504.86246126724
R1D-H-FP-TR-PS-HS,1,33317.84362570764
R1D-H-FP-TR-SR,1,99333.55562333716
R1D-H-FP-UM-LS-TR-PS,1,5590962.827781755
R1D-H-FP-UM-LS-TR-SR-PS,2,4687281.510917386
R1D-H-FP-UM-SR-PS,3,262726.6032892355
R1D-H-FP-UM-TR-PS,2,384447.03042777954
R1D-H-FP-UM-TR-SR-PS,3,33165.70221238449
R1D-H-HS,6,30348.6271304937
R1D-H-IZ,9,34801.32951502551
R1D-H-IZ-LS,2,13443.225681166405
R1D-H-IZ-LS-PS,42,219663.76953683552
R1D-H-IZ-PS,11,34917.86631517247
R1D-H-LS,390,1985011.2248686133
R1D-H-LS-HS,4,103083.12799312636
R1D-H-LS-PS,1737,29677553.06874843
R1D-H-LS-PS-HS,9,32335049.139488634
R1D-H-LS-TR,28,135891.65462119825
R1D-H-LS-TR-PS,133,2294824.850775657
R1D-H-PR-LS-PS,2,3101157.824692377
R1D-H-PS,2350,16203003.918829573
R1D-H-PS-HS,5,209162.93495226314
R1D-H-TR,312,1707463.4925557042
R1D-H-TR-PS,235,1734132.341708888
R1D-H-TR-PS-HS,2,14664.491786469825
R1D-H-UM,2727,14600524.419441108
R1D-H-UM-HS,3,219032.78667705815
R1D-H-UM-LS,19,89853.69059245808
R1D-H-UM-LS-PS,265,3373956.41660544
R1D-H-UM-LS-SR-PS,11,1677701.8998256451
R1D-H-UM-LS-TR-PS,34,5077275.979547253
R1D-H-UM-PR,1,25771.114249673068
R1D-H-UM-PR-LS-PS,1,10285112.830864804
R1D-H-UM-PR-PS,7,1468214.313355949
R1D-H-UM-PR-PS-HS,1,285571.03145866987
R1D-H-UM-PS,6380,45107866.33777434
R1D-H-UM-SR-PS,12,253410.32430103718
R1D-H-UM-TR,662,3577717.611938533
R1D-H-UM-TR-HS,3,17260.240515752106
R1D-H-UM-TR-PS,1288,10043377.199667575
R1D-H-UM-TR-PS-HS,1,276797.65215529455
R1D-L,4381,40827281.593541026
R1D-L-BC,3,108663.46581139622
R1D-L-BC-TR-PS-HD,1,317205.14891942206
R1D-L-FP-LS-PS,2,2258999.094527485
R1D-L-FP-LS-SR-PS,1,2159962.8212684216
R1D-L-FP-PR-HO-LS-RR-PS-HS,1,27358873.271680683
R1D-L-FP-SR,2,10230.107449066505
R1D-L-FP-SR-PS,5,182168.90676651284
R1D-L-FP-TR-SR-PS,5,44048.634360052085
R1D-L-FP-UM-LS-PS,2,1613635.9509596748
R1D-L-FP-UM-LS-SR-PS,1,1247878.0778265153
R1D-L-FP-UM-LS-TR-PS,2,5932808.538886718
R1D-L-FP-UM-LS-TR-SR-PS,1,447615.2879733152
R1D-L-FP-UM-PR-LS-SR-PS-HD,1,34010633.512487605
R1D-L-FP-UM-PS,5,130131.12073164398
R1D-L-FP-UM-SR,13,85023.06896913485
R1D-L-FP-UM-SR-PS,45,1608803.3232617453
R1D-L-FP-UM-TR-PS,3,143379.33460208675
R1D-L-FP-UM-TR-SR-PS,6,94150.64016014032
R1D-L-HD,5,47628.02825125612
R1D-L-HS,6,82098.27494999599
R1D-L-IZ-LS,1,4779.445639636621
R1D-L-IZ-LS-PS,2,22696776.216338538
R1D-L-IZ-PS,11,125541.9127522392
R1D-L-IZ-UM-PS,1,119907.60696685265
R1D-L-LS,203,1816412.7696904058
R1D-L-LS-BC-PS,2,139287.62616222037
R1D-L-LS-PS,1266,29247032.78935213
R1D-L-LS-PS-HD,20,13779977.84026534
R1D-L-LS-SR-PS,2,269912.6396483965
R1D-L-LS-TR,13,90212.18410023645
R1D-L-LS-TR-PS,30,760121.3509223484
R1D-L-PR,20,499977.60220495664
R1D-L-PR-LS,1,71629.00294084408
R1D-L-PR-LS-BC-TR-PS,1,519894.4967410597
R1D-L-PR-LS-PS,21,20144671.5771629
R1D-L-PR-LS-PS-HD,3,5047336.282422706
R1D-L-PR-PS,17,1305931.8954775888
R1D-L-PS,3893,51634161.92580588
R1D-L-PS-HD,60,2901681.2490799865
R1D-L-PS-HS,7,423659.8744495815
R1D-L-SR,8,72130.74378060618
R1D-L-SR-PS,80,1449418.5725309793
R1D-L-TR,219,2239618.912086028
R1D-L-TR-PS,99,1884474.578650841
R1D-L-TR-SR-PS,7,837877.7118486435
R1D-L-UM,2367,27578041.812857226
R1D-L-UM-HD,7,1750077.6569702842
R1D-L-UM-HS,5,197509.05054669318
R1D-L-UM-LS,13,63339.41701882527
R1D-L-UM-LS-PS,192,39066886.15390203
R1D-L-UM-LS-PS-HD,17,278289.09445018286
R1D-L-UM-LS-SR-PS,3,5519308.923554076
R1D-L-UM-LS-SR-PS-HS,1,12454751.900825474
R1D-L-UM-LS-TR,1,7433.852472269477
R1D-L-UM-LS-TR-PS,50,4626242.61190975
R1D-L-UM-PR-LS-PS,3,6314185.153333884
R1D-L-UM-PR-PS,14,5137780.985198703
R1D-L-UM-PR-TR-PS,15,72961.41610884434
R1D-L-UM-PS,6691,116688577.00267173
R1D-L-UM-PS-HD,3,556651.2880526229
R1D-L-UM-PS-HS,20,1512971.7226872942
R1D-L-UM-SR,2,20952.182809620645
R1D-L-UM-SR-PS,13,4441280.495477004
R1D-L-UM-TR,213,2185933.532489111
R1D-L-UM-TR-PS,804,22609267.38691072
R1D-L-UM-TR-SR-PS,2,1024746.4609065772
R1D-M,2410,18785039.018961634
R1D-M-FP-LS-SR-PS,2,364619.0570882277
R1D-M-FP-PR-HO-LS-RR-PS-HS,1,27358873.271680683
R1D-M-FP-UM-LS-TR-SR-PS,1,1740113.786182095
R1D-M-FP-UM-PR-LS-SR-PS-HD,1,34010633.512487605
R1D-M-FP-UM-PS,6,120093.2840154717
R1D-M-FP-UM-SR-PS,1,287094.4671017689
R1D-M-HD,3,23014.36402905937
R1D-M-HS,1,38820.525169824316
R1D-M-IZ,177,1229802.173720976
R1D-M-IZ-PS,12,76975.17145603892
R1D-M-LS,234,1635344.7786542433
R1D-M-LS-HD,1,6669.20306558011
R1D-M-LS-PS,1537,22457695.744547788
R1D-M-LS-PS-HS,11,1359369.4364839068
R1D-M-LS-SR-PS,2,122760.28687351469
R1D-M-NP-PS,6,49823.34338762103
R1D-M-PR,2,8564.307254124114
R1D-M-PR-LS-PS,2,24076873.699811798
R1D-M-PR-PS,2,94929.21077724666
R1D-M-PS,2727,25429346.189769648
R1D-M-PS-HD,1,23116.2140665466
R1D-M-PS-HS,14,408198.19232345297
R1D-M-TR-PS,1,12031.335734361732
R1D-M-UM,2030,15169477.93040466
R1D-M-UM-HS,1,3325.251183141237
R1D-M-UM-LS,3,33741.99058125154
R1D-M-UM-LS-PS,71,7084580.88402722
R1D-M-UM-LS-SR-PS,1,356189.4748720656
R1D-M-UM-LS-TR-PS,1,2095909.6367767486
R1D-M-UM-PR,1,4842.747530373014
R1D-M-UM-PR-PS,2,57294.94277188307
R1D-M-UM-PR-PS-HS,4,1299908.2592988412
R1D-M-UM-PR-TR,3,48295.46873745001
R1D-M-UM-PR-TR-PS,3,21869.528402726828
R1D-M-UM-PS,5176,50113465.75106901
R1D-M-UM-SR,7,58697.949118348755
R1D-M-UM-SR-PS,9,2374659.933367612
R1D-M-UM-TR,179,1683304.904182921
R1D-M-UM-TR-PS,472,11880185.217517875
R1D-M-UM-TR-SR-PS,3,1151109.8956842646
R1D-VH,12,30478.581114254805
R1D-VH-FP,8,35966.10845443564
R1D-VH-FP-PS,1,13625.657075866831
R1D-VH-LS-PS,23,1280536.9143932706
R1D-VH-PS,19,61458.260080537075
R1D-VH-PS-HS,1,4586.258101324663
R1D-VL,714,11856257.261296509
R1D-VL-BC,5,123734.51042208353
R1D-VL-BC-PS,4,183347.9489164619
R1D-VL-FP-UM-PR-LS-SR-PS-HD,1,34010633.512487605
R1D-VL-HD,3,154039.3513054772
R1D-VL-HS,3,360625.1337576228
R1D-VL-IZ-HO-LS-PS-HD,7,116206.76494401836
R1D-VL-IZ-HO-LS-TR-HD,2,29995.276768770495
R1D-VL-IZ-HO-LS-TR-PS-HD,13,204987.53418215012
R1D-VL-IZ-HO-TR-HD,66,1003321.3905029035
R1D-VL-IZ-HO-TR-PS-HD,8,829439.4396642522
R1D-VL-IZ-UM-HO-LS-PS-HD,10,123476.07581199976
R1D-VL-IZ-UM-HO-LS-TR-PS-HD,2,2636303.234141548
R1D-VL-LS,7,92167.40729747673
R1D-VL-LS-PS,67,6183209.862706335
R1D-VL-LS-PS-HD,5,90391.59582261089
R1D-VL-LS-PS-HS,1,31364017.550862957
R1D-VL-PR,2,3317.0642060789614
R1D-VL-PR-LS-PS,3,18683208.39904696
R1D-VL-PR-PS,8,312234.7901912997
R1D-VL-PR-PS-HS,1,38651.44048429989
R1D-VL-PS,829,19359488.916756794
R1D-VL-PS-HD,12,3343772.9114996404
R1D-VL-PS-HS,6,607517.140832939
R1D-VL-TR,3,309718.8825069225
R1D-VL-UM,40,499999.0595318892
R1D-VL-UM-LS-PS,12,2372197.3522487544
R1D-VL-UM-PS,166,3702113.939165117
R2-H,896,5428440.571561148
R2-H-FP-LS-PS,14,200959.20777925552
R2-H-FP-PS,7,14008.70644497634
R2-H-HD,2,8254.836365911198
R2-H-HS,10,93752.93377340349
R2-H-IZ,129,645378.6106833284
R2-H-IZ-BC,13,152432.41287361577
R2-H-IZ-LS,10,58627.86220446724
R2-H-IZ-LS-BC-PS,1,615412.1459774621
R2-H-IZ-LS-PS,84,445257.05408774444
R2-H-IZ-LS-PS-HD,1,153762.89862303366
R2-H-IZ-LS-TR,111,446447.86986975034
R2-H-IZ-LS-TR-PS,255,1974004.8860125544
R2-H-IZ-PR-HO-LS-PS,1,11620.145010353832
R2-H-IZ-PR-HO-LS-TR-PS-HD,1,1695971.1605531925
R2-H-IZ-PS,19,117757.80445734382
R2-H-LS,4,25270.049850505267
R2-H-LS-PS,102,1034764.1779649212
R2-H-LS-TR,18,167033.70243619013
R2-H-LS-TR-PS,32,273384.0555442905
R2-H-NP,41,258546.7607305657
R2-H-NP-HD,375,1551251.6862915559
R2-H-NP-PR-HO-PS-HD,1,23315.82418724165
R2-H-NP-PS-HD,17,148635.33247455052
R2-H-PS,365,2645166.3505542744
R2-H-PS-HS,44,811690.7477321805
R2-H-TR,2,6766.963334938082
R2-H-TR-PS,1,3011.151370051705
R2-H-UM,554,2587447.061762623
R2-H-UM-LS,9,35760.83017359984
R2-H-UM-LS-PS,12,284895.75598418934
R2-H-UM-LS-TR,3,19982.23018110109
R2-H-UM-LS-TR-PS,62,839337.5674052254
R2-H-UM-PR-LS-TR-PS,4,27522.321638851223
R2-H-UM-PR-PS,2,14682.256356243135
R2-H-UM-PR-TR-PS,10,287148.7910062111
R2-H-UM-PS,591,3843678.5230620606
R2-H-UM-PS-HS,2,14200.643204898475
R2-H-UM-TR,449,2370161.9260284784
R2-H-UM-TR-HS,1,5503.527352415977
R2-H-UM-TR-PS,819,5097325.790781767
R2-H-UM-TR-PS-HS,1,97172.73405072934
R2-L,3715,23440674.99320009
R2-L-FP,30,219075.40823828548
R2-L-FP-LS,1,12055.781487349137
R2-L-FP-LS-PS,7,706504.3065337195
R2-L-FP-LS-PS-HS,1,130742.76810076494
R2-L-FP-LS-RR-PS,1,122057.84958593945
R2-L-FP-LS-SR-PS,11,1089952.0548352615
R2-L-FP-PR-HO-LS-RR-PS,1,1060596.6868890868
R2-L-FP-PR-HO-LS-RR-PS-HS,1,27358873.271680683
R2-L-FP-PR-LS-RR-PS-HD,1,1656040.3630040418
R2-L-FP-PR-LS-SR-PS-HD,1,1616999.2137292754
R2-L-FP-PR-SR-PS,3,5199.214088780742
R2-L-FP-PS,2,434859.4337527045
R2-L-FP-SR,31,253636.84475095553
R2-L-FP-SR-PS,26,398777.93795644876
R2-L-FP-TR-SR,19,122599.72892009208
R2-L-FP-TR-SR-PS,4,27661.240992026153
R2-L-FP-UM-LS-SR-PS,2,48618696.776478544
R2-L-FP-UM-SR-PS,10,401813.4788530825
R2-L-FP-UM-TR-SR-PS-HS,1,1344871.2907694895
R2-L-HD,3,21454.402612762482
R2-L-HS,11,124528.44252295504
R2-L-IZ-PS,6,44132.76377739506
R2-L-LS,59,434666.99667146406
R2-L-LS-PS,438,10497698.261959024
R2-L-LS-PS-HS,4,32462254.246533096
R2-L-LS-SR,1,8823.82223169848
R2-L-LS-SR-PS,18,294883.8288457705
R2-L-LS-TR,24,168952.14321733918
R2-L-LS-TR-PS,149,1681825.4445842048
R2-L-PR,4,226321.18946899887
R2-L-PR-LS-PS,20,2881045.4042310845
R2-L-PR-LS-SR-PS,2,5954.419862502184
R2-L-PR-LS-TR-PS,1,2770990.341596326
R2-L-PR-PS,37,1237014.4578555115
R2-L-PS,2862,30365722.147116367
R2-L-PS-HD,4,66550.83617544745
R2-L-PS-HS,7,605856.8117251872
R2-L-SR,5,22972.784246912735
R2-L-SR-PS,13,451654.37907673686
R2-L-TR,11,79585.42919107799
R2-L-TR-PS,20,148681.2480978561
R2-L-UM,1481,10334706.488706427
R2-L-UM-HS,1,4672.563016783361
R2-L-UM-LS,17,123311.37404214728
R2-L-UM-LS-PS,267,19963362.49770703
R2-L-UM-LS-SR-PS,3,762139.3714708976
R2-L-UM-LS-TR-PS,57,1615824.9636599272
R2-L-UM-PR,7,135152.31224599254
R2-L-UM-PR-LS-PS,4,2811732.717283657
R2-L-UM-PR-LS-TR-PS,1,663335.0299264654
R2-L-UM-PR-PS,51,1451806.0868612677
R2-L-UM-PS,3370,41611725.66568722
R2-L-UM-PS-HS,6,363461.6954400927
R2-L-UM-SR-PS,15,108892.42425785642
R2-L-UM-TR,13,68732.73371446354
R2-L-UM-TR-PS,109,6146030.280373681
R2-M,1406,9012136.600868152
R2-M-BC,3,26931.360429269946
R2-M-BC-TR-PS-HD,1,317205.14891942206
R2-M-HS,1,20583.394092912877
R2-M-IZ,302,2548237.69458317
R2-M-IZ-BC,5,110048.345709733
R2-M-IZ-HS,1,142084.16498341094
R2-M-IZ-LS,34,152927.70262642446
R2-M-IZ-LS-BC-PS,4,468969.0489276175
R2-M-IZ-LS-PS,64,455563.5220419076
R2-M-IZ-PS,27,249048.37551505497
R2-M-LS,5,36800.71952391992
R2-M-LS-PS,73,3593942.455747838
R2-M-PR,19,460239.91595493123
R2-M-PR-BC-TR-PS,1,200876.375043187
R2-M-PR-LS-BC-TR-PS,1,519894.4967410597
R2-M-PR-PS,2,20410.475569077833
R2-M-PR-TR,2,12354.592769195297
R2-M-PS,424,3598354.102430588
R2-M-PS-HS,2,21158.38704341768
R2-M-TR,591,3867759.687853774
R2-M-TR-HS,7,72182.56901800183
R2-M-TR-PS,15,274762.224860345
R2-M-TR-PS-HS,2,472155.36658732535
R2-M-UM,9,139815.66573132062
R2-M-UM-LS-PS,14,1471779.7303024037
R2-M-UM-PS,43,410354.46286278655
R2-VH,271,828669.281374234
R2-VH-HD,2,138240.40471482323
R2-VH-IZ,622,2211074.6201582695
R2-VH-IZ-LS,4,12472.760652134119
R2-VH-IZ-LS-PS,12,67171.43630061114
R2-VH-IZ-PS,44,176540.2372284746
R2-VH-PS,14,447948.2335606437
R3-L,189,1796216.8162681637
R3-L-PS,4,36637.28988769915
R3-M,289,2337773.7937354534
R3-M-BC-PS,1,5564.194868755175
R3-M-BC-TR,4,41656.81280233312
R3-M-BC-TR-PS,2,17749.002583188707
R3-M-HS,1,201108.7848338134
R3-M-IZ,187,1686542.630369429
R3-M-IZ-BC,3,130229.7794921239
R3-M-IZ-BC-PS,4,29070.946461095307
R3-M-IZ-HR-PR-HO-TR,1,4880.234538401839
R3-M-IZ-HR-PR-HO-TR-PS,3,25597.84640572801
R3-M-IZ-PS,51,648773.8200008856
R3-M-IZ-TR,12,165715.37144492628
R3-M-IZ-TR-PS,29,229279.37653905049
R3-M-PR,2,179369.27495805043
R3-M-PS,62,794972.2768458247
R3-M-PS-HS,19,299674.687724084
R3-M-TR,114,1075709.4448948016
R3-M-TR-PS,23,211659.87746241258
RIV-GI-FP-PR-HO,8,154867.6183946719
RIV-GI-FP-PR-HO-LS-PS,1,302656.14615130087
RIV-GI-FP-PR-HO-LS-RR-PS,2,1187388.0129549936
RIV-GI-FP-PR-HO-LS-RR-PS-HD,1,5023865.88163913
RIV-GI-FP-PR-HO-LS-RR-SR-PS,1,3412860.5171355973
RIV-GI-FP-PR-HO-PS,10,2156925.70869073
RIV-GI-FP-PR-HO-RR,5,2424604.7392954607
RIV-GI-FP-PR-HO-RR-PS,37,25772609.211506616
RIV-GI-IZ-FP-PR-HO-LS-RR-PS,1,916462.3257230029
RIV-GI-IZ-FP-PR-HO-RR-PS,11,5795708.543181391
RIV-GI-IZ-PR-HO,4,70176.82702285805
RIV-GI-IZ-PR-HO-PS,2,1088980.4175707407
RIV-GI-PR-HO,64,2199497.4387974944
RIV-GI-PR-HO-LS-PS,5,270697.2437070816
RIV-GI-PR-HO-PS,9,3435351.572476837
RIV-GI-PR-HO-RR,1,245356.63886960185
RIV-GI-PR-HO-RR-PS,2,843105.2624455427
RIV-IMU-FP-PR-HO,41,2621959.4451556946
RIV-IMU-FP-PR-HO-LS-RR-PS,6,3247591.234299088
RIV-IMU-FP-PR-HO-LS-TR-SR-PS-HS,1,1587844.8418456563
RIV-IMU-FP-PR-HO-PS,24,1993142.3052984332
RIV-IMU-FP-PR-HO-RR,37,3226898.583480589
RIV-IMU-FP-PR-HO-RR-PS,61,14365162.70859683
RIV-IMU-FP-PR-HO-RR-SR-PS,1,718185.219889398
RIV-IMU-FP-PR-HO-SR,1,18715.658584154648
RIV-IMU-FP-PR-HO-TR,5,172114.53155697143
RIV-IMU-FP-PR-HO-TR-PS,1,14383.509827991395
RIV-IMU-FP-PR-HO-TR-RR,5,607404.2201140347
RIV-IMU-FP-PR-HO-TR-RR-PS,15,1366182.356087937
RIV-IMU-IZ-FP-PR-HO,30,4431946.807013545
RIV-IMU-IZ-FP-PR-HO-LS-RR-PS,1,916462.3257230029
RIV-IMU-IZ-FP-PR-HO-PS,1,124259.37974877834
RIV-IMU-IZ-FP-PR-HO-RR,2,484919.6642194751
RIV-IMU-IZ-FP-PR-HO-RR-PS,18,6384470.093899041
RIV-IMU-IZ-PR-HO,136,4429275.4659307
RIV-IMU-IZ-PR-HO-PS,2,531997.9539892061
RIV-IMU-IZ-PR-HO-TR,17,254554.2798235929
RIV-IMU-IZ-PR-HO-TR-PS,1,19559.69816180593
RIV-IMU-NP-PR-HO,1,27417.143094891526
RIV-IMU-NP-PR-HO-PS-HD,2,44749.031465939006
RIV-IMU-PR,3,793826.8234368247
RIV-IMU-PR-HO,566,7783308.418348381
RIV-IMU-PR-HO-LS-PS,1,283215.7760495987
RIV-IMU-PR-HO-LS-TR-PS,2,71682.56692212695
RIV-IMU-PR-HO-LS-TR-PS-HS,1,32246.26501864177
RIV-IMU-PR-HO-PS,27,3330494.8645907305
RIV-IMU-PR-HO-RR,11,2029470.7293245124
RIV-IMU-PR-HO-RR-PS,3,783613.63654616
RIV-IMU-PR-HO-SR-PS,1,5699.19426756008
RIV-IMU-PR-HO-TR,120,1347585.6139368527
RIV-IMU-PR-HO-TR-PS,15,370686.85506823065
RIV-IMU-PR-HO-TR-RR-PS,1,741964.9078352791
RIV-IMU-PR-PS,2,77981.56189645079
RIV-MU-FP-PR-HO,20,402956.22135593183
RIV-MU-FP-PR-HO-LS-RR-PS,7,2513939.3133414364
RIV-MU-FP-PR-HO-LS-RR-PS-HS,1,27358873.271680683
RIV-MU-FP-PR-HO-LS-TR-SR-PS-HS,1,1587844.8418456563
RIV-MU-FP-PR-HO-PS,19,525492.5959815836
RIV-MU-FP-PR-HO-RR,4,124801.81627246615
RIV-MU-FP-PR-HO-RR-PS,26,3954928.175178613
RIV-MU-FP-PR-HO-RR-SR-PS,3,2963972.9245086694
RIV-MU-FP-PR-HO-SR,2,791071.0094520516
RIV-MU-FP-PR-HO-SR-PS,1,307756.61897630204
RIV-MU-IZ-FP-PR-HO-LS-RR-PS,1,916462.3257230029
RIV-MU-IZ-FP-PR-HO-RR-PS,1,229218.75495240092
RIV-MU-IZ-PR-HO,152,1398581.4145167177
RIV-MU-IZ-PR-HO-PS,3,422426.0009696991
RIV-MU-PR-HO,172,3482880.104141655
RIV-MU-PR-HO-HD,57,396299.61082271603
RIV-MU-PR-HO-HS,2,31750.077498191604
RIV-MU-PR-HO-LS,1,1470.9513691204277
RIV-MU-PR-HO-LS-PS,29,3350277.1553091174
RIV-MU-PR-HO-LS-RR-PS,42,383201.2537109453
RIV-MU-PR-HO-LS-TR-PS,1,26097.335191041497
RIV-MU-PR-HO-LS-TR-RR-PS,1,315101.20448208036
RIV-MU-PR-HO-PS,86,984134.5823202106
RIV-MU-PR-HO-RR-PS,2,359862.8558696792
RIV-MU-PR-HO-SR-PS,1,5699.19426756008
RIV-MU-PR-HO-TR,4,174286.0091261797
RIV-MU-PR-HO-TR-PS,3,141989.72332362697
RIV-MU-PR-HO-TR-RR,3,337064.49154159235
RIV-MU-UM-PR-HO-LS-PS,1,481917.3739738231
RIV-NS-FP-NP-PR-HO-TR-PS-HD,1,817657.8722083376
RIV-NS-FP-PR-HO,102,468981.52492363803
RIV-NS-FP-PR-HO-HS,1,8462.488926304522
RIV-NS-FP-PR-HO-PS,10,215652.01597375877
RIV-NS-FP-PR-HO-RR,19,1028912.7836483814
RIV-NS-FP-PR-HO-RR-PS,16,1585460.5256789057
RIV-NS-FP-PR-HO-TR,28,1818885.711414266
RIV-NS-FP-PR-HO-TR-PS,8,1168560.6106268903
RIV-NS-FP-PR-HO-TR-RR-PS,7,3624049.3536807355
RIV-NS-NP-PR-HO,5,62223.47903821042
RIV-NS-NP-PR-HO-TR-PS,1,136548.4280549943
RIV-NS-NP-PR-HO-TR-PS-HD,1,4204769.150536856
RIV-NS-PR-HO,77,799194.2963986027
RIV-NS-PR-HO-PS,3,710239.0675425142
RIV-NS-PR-HO-TR,32,2240948.1915110275
RIV-NS-PR-HO-TR-PS,8,32367.988661321382
RIV-RM-FP-PR-HO,37,171573.1658664399
RIV-RM-FP-PR-HO-PS,6,30787.16202723566
RIV-RM-FP-PR-HO-RR,61,524869.9460420789
RIV-RM-FP-PR-HO-RR-PS,29,971500.6372471475
RIV-RM-PR-HO,325,1016249.2694628222
RIV-RM-PR-HO-LS-PS,1,3134924.669674102
RIV-RM-PR-HO-PS,21,103975.28710859959
RIV-RM-PR-HO-RR,1,7341.971325178023
RM-H,377,1475248.1331499773
RM-H-BC-PS,1,23665.531342742615
RM-H-BC-TR,8,38743.36613172097
RM-H-BC-TR-PS,16,225566.50198127693
RM-H-BC-TR-PS-HD,1,317205.14891942206
RM-H-IZ-LS-BC-PS,1,100399.09317881477
RM-H-IZ-PR-HO-TR-PS,1,55888.58895902568
RM-H-IZ-TR,3,23060.227259454205
RM-H-LS,7,62219.2695678527
RM-H-LS-BC-PS,3,183841.36701127634
RM-H-LS-PS,20,1177343.9044857114
RM-H-PR,7,8923.696625650115
RM-H-PR-LS-BC-TR-PS,1,519894.4967410597
RM-H-PR-LS-PS,3,1363555.861886749
RM-H-PR-PS,2,15897.859359975384
RM-H-PS,95,1029288.8826882065
RM-H-TR,156,1463617.542847035
RM-H-TR-HS,2,173260.2576415758
RM-H-TR-PS,6,325148.2529528811
RM-H-UM,113,61031.2266484967
RM-H-UM-PS,51,670835.805564591
RM-M,4380,25883710.254695825
RM-M-BC,18,384040.12023723125
RM-M-BC-PS,4,183347.9489164619
RM-M-BC-TR-PS-HD,1,317205.14891942206
RM-M-FP-NP-LS-TR-PS,3,83369.66600384304
RM-M-FP-NP-PR-HO-TR-PS-HD,1,817657.8722083376
RM-M-FP-PR-HO-LS-RR-PS,1,1060596.6868890868
RM-M-FP-UM-LS-PS,1,1191598.8992047138
RM-M-FP-UM-PR-LS-SR-PS-HD,1,34010633.512487605
RM-M-HD,2,16068.508811982358
RM-M-HS,22,513932.82494947006
RM-M-IZ,83,946194.0885339596
RM-M-IZ-LS-PS,1,22679326.561634157
RM-M-IZ-LS-TR,7,27610.726154221476
RM-M-IZ-LS-TR-PS,27,185912.85550266097
RM-M-IZ-PR-LS-PS,1,571550.3262724518
RM-M-IZ-PS,14,841104.6266692545
RM-M-LS,58,457235.8278975496
RM-M-LS-BC-PS,5,195536.61771134814
RM-M-LS-PS,420,13200438.016879288
RM-M-LS-PS-HS,1,631594.6545250503
RM-M-LS-TR-PS,8,271130.0944894076
RM-M-LS-TR-PS-HS,1,270024.9901524814
RM-M-NP,54,488542.2867951838
RM-M-NP-HD,190,1157957.449491711
RM-M-NP-LS-PS,1,292143.1422216302
RM-M-NP-LS-TR-PS,5,876433.2152104394
RM-M-NP-PR-HO-TR-PS,1,136548.4280549943
RM-M-NP-PS-HD,7,129356.29036203341
RM-M-NP-TR,5,72509.77204358768
RM-M-NP-TR-HD,12,195788.3109106423
RM-M-NP-TR-HD-HS,1,8511.833486656831
RM-M-NP-TR-PS,2,127158.15146846548
RM-M-PR,30,771435.8988379526
RM-M-PR-BC-TR-PS,3,455264.04134146316
RM-M-PR-LS-BC-TR-PS,1,519894.4967410597
RM-M-PR-LS-PS,6,629653.300455881
RM-M-PR-PS,40,4166785.5987566514
RM-M-PR-PS-HD,2,96124.727268092
RM-M-PR-PS-HS,1,63895.51815561235
RM-M-PR-TR,4,334332.63341102604
RM-M-PR-TR-PS,1,130286.63322397573
RM-M-PS,2690,28069583.644323125
RM-M-PS-HD,6,540576.2684215098
RM-M-PS-HS,20,2213419.857042233
RM-M-TR,514,3665932.06838982
RM-M-TR-HD,1,47303.25901644891
RM-M-TR-HS,11,138128.54891597456
RM-M-TR-PS,23,374654.4947801255
RM-M-TR-PS-HS,1,89828.23511205937
RM-M-UM,633,2656506.2554354086
RM-M-UM-LS-PS,49,26634352.27619484
RM-M-UM-LS-TR-PS,6,3292667.5370358666
RM-M-UM-PR,2,85924.01442697374
RM-M-UM-PR-LS-PS,4,691422.0142196878
RM-M-UM-PR-PS,7,1460453.5592138474
RM-M-UM-PR-TR,1,7223.937434028741
RM-M-UM-PS,925,15621746.656919127
RM-M-UM-SR-PS,4,4003215.826748073
RM-M-UM-TR,1,4397.302862137721
RM-M-UM-TR-PS,21,9917537.051562954
RM-VH,5,88918.15476653505
RM-VH-BC-TR,7,289826.6403157558
RM-VH-BC-TR-PS,4,256235.93182198316
RM-VH-LS-PS,1,29490.200114136733
RM-VH-PS,3,218669.43792762936
RM-VH-UM-LS-PS,6,868175.9134693844
RM-VH-UM-PS,5,156576.38431052398
RM-VL-UM,2,89973.10389994073
RM-VL-UM-PS,10,1308658.6201309254
RP-FP-PR-LS-RR-PS-HD,1,1656040.3630040418
RP-FP-PR-LS-SR-PS,1,490737.774721325
RP-FP-PR-LS-SR-PS-HD,4,4367534.485144901
RP-FP-PR-RR-SR-PS-HD,1,277933.3435401783
RP-FP-PR-SR-PS,4,10223.772300547089
RP-FP-PR-SR-PS-HD,1,117284.02096405362
RP-FP-UM-PR-LS-SR-PS-HD,1,34010633.512487605
RP-IZ-PR-HO-LS-TR-PS,1,1868395.0031623405
RP-IZ-PR-LS-PS,2,1837086.0129237904
RP-IZ-PR-LS-TR-PS,1,248803.21942248178
RP-IZ-PR-TR-PS,1,3989.6658644622785
RP-IZ-UM-PR-LS-TR-PS,1,593590.7230907939
RP-IZ-UM-PR-PS,2,228733.79261423595
RP-IZ-UM-PR-TR-PS,1,165008.1576238814
RP-PR,502,5177809.488351034
RP-PR-LS,115,800815.4075079247
RP-PR-LS-PS,161,36379567.95032235
RP-PR-LS-PS-HD,6,5459740.135615002
RP-PR-LS-SR-PS,2,5954.419862502184
RP-PR-LS-SR-PS-HD,1,203314.84827108015
RP-PR-LS-TR,2,11522.838766578623
RP-PR-LS-TR-PS,40,3302997.333696778
RP-PR-PS,337,13192276.12058011
RP-PR-PS-HD,6,1391125.3194160694
RP-PR-PS-HS,3,139831.77243693348
RP-PR-TR,219,2417643.6944319922
RP-PR-TR-PS,28,1215133.202598308
RP-UM-PR,257,1090795.5628605837
RP-UM-PR-LS-PS,18,16382234.871278329
RP-UM-PR-LS-SR-PS,1,1107274.6133938988
RP-UM-PR-LS-TR-PS,3,953595.9087727759
RP-UM-PR-PS,210,18159416.15308637
RP-UM-PR-PS-HS,4,1299908.2592988412
RP-UM-PR-TR,6,139700.28400796495
RP-UM-PR-TR-PS,30,641828.131106579
SP-1-FP-PR-RR-PS,2,455065.2924198907
SP-1-IZ-FP-PR-HO-RR-PS,2,883359.6777345829
SP-1-IZ-FP-PR-PS,1,32393.567576310226
SP-1-IZ-FP-PR-RR,1,73211.58570048232
SP-1-IZ-FP-PR-RR-PS,16,1238295.4955541876
SP-1-IZ-FP-PR-TR,1,182641.9395687946
SP-1-IZ-PR,15,683099.509928686
SP-1-IZ-PR-PS,2,135539.4100743047
SP-1-IZ-PR-RR-PS,5,269962.6956505073
SP-1-IZ-PR-TR,4,362934.4667140896
SP-10-FP-PR-HO-RR-PS,2,1706532.4269049033
SP-10-FP-PR-RR-PS,6,1963355.6682912346
SP-10-PR,10,2530724.445374324
SP-10-PR-HO-PS,1,2884533.3773328047
SP-10-PR-HO-RR-PS,1,780311.9235927167
SP-10-PR-PS,15,5438292.92176017
SP-10-PR-RR-PS,1,428873.21923038864
SP-11-PR-PS,3,451115.5440166753
SP-11-PR-TR,9,203813.32345161773
SP-11-PR-TR-PS,28,2596041.5660439776
SP-4-FP-PR-HO-TR-RR,2,490637.26155600057
SP-4-FP-PR-HO-TR-RR-PS,6,754255.5164565707
SP-4-FP-PR-TR,2,85112.15821779071
SP-4-FP-PR-TR-RR,3,296298.5645675147
SP-4-FP-PR-TR-RR-PS,6,1315200.5404408034
SP-4-FP-PR-TR-RR-PS-HS,1,306743.9314241624
SP-4-PR-HO-TR-RR-PS,1,741964.9078352791
SP-4-PR-RR,1,312229.250610455
SP-4-PR-TR,7,763946.2839512161
SP-4-PR-TR-HS,1,60039.46743046788
SP-4-PR-TR-RR-PS,2,373695.5374017789
SP-5-FP-PR,3,51951.857810424
SP-5-FP-PR-HO-PS,1,27542.8569528756
SP-5-FP-PR-HO-RR,1,38963.0513142738
SP-5-FP-PR-HO-RR-PS,1,113018.49458973801
SP-5-FP-PR-HO-RR-SR-PS,1,718185.219889398
SP-5-FP-PR-PS,8,1190272.4463601054
SP-5-FP-PR-RR,3,365896.1636857521
SP-5-FP-PR-RR-PS,6,2310219.582079231
SP-5-PR,36,2013050.5466552612
SP-5-PR-HD,5,239025.5963394957
SP-5-PR-PS,7,264085.32764822396
SP-5-PR-PS-HD,1,484038.3714872808
SP-5-PR-RR,11,667622.59159268
SP-5-PR-RR-PS,1,62088.444222035374
SP-8-FP-PR,56,969816.4632322371
SP-8-FP-PR-RR,6,829713.691917808
SP-8-FP-PR-RR-PS,8,563967.854606572
SP-8-FP-PR-TR-RR-PS,1,197361.3225832319
SP-8-PR,1,17366.806097026572
SP-8-PR-RR-PS,1,19427.686749746423
SP-9-PR,52,1699563.728479722
SP-9-PR-PS,11,1227656.529688695
SP-9-PR-PS-HD,2,96124.727268092
SP-9-PR-TR,17,203098.52125631587
UC-E-IZ-HO-LS-BC,1,48632.339731251835
UC-E-IZ-HO-LS-BC-PS,8,665122.9097976306
UC-E-IZ-HR-PR-HO-TR,1,4880.234538401839
UC-E-IZ-HR-PR-HO-TR-PS,3,25597.84640572801
UC-E-IZ-PR-HO-LS-TR-PS,26,2194912.1042978177
UC-E-IZ-PR-HO-TR,170,1899387.4774481875
UC-E-IZ-PR-HO-TR-PS,20,666314.4083393076
UC-E-IZ-PR-HO-TR-PS-HS,2,28677.436567188874
UC-MU-IZ-HO,55,544616.2601110326
UC-MU-IZ-HO-BC,80,800403.2430282884
UC-MU-IZ-HO-BC-PS,60,587818.8249629303
UC-MU-IZ-HO-BC-PS-HS,1,58165.21885544261
UC-MU-IZ-HO-LS-BC-PS,24,424462.23256036907
UC-MU-IZ-HO-LS-PS,15,131198.618018342
UC-MU-IZ-HO-PS,11,115048.52865584279
UC-MU-IZ-HO-PS-HS,1,95590.80078939801
UC-MU-IZ-HO-TR,664,2598050.252233879
UC-MU-IZ-HO-TR-HD,5,347407.8094237074
UC-MU-IZ-HO-TR-HS,2,96377.3470094989
UC-MU-IZ-HO-TR-PS,27,226386.65394493076
UC-MU-IZ-HO-TR-PS-HD,2,693780.7778202572
UC-MU-IZ-HR-PR-HO,10,45604.21226281959
UC-MU-IZ-HR-PR-HO-LS-PS,1,95994.552969972
UC-MU-IZ-HR-PR-HO-LS-TR-PS,1,309265.42797873396
UC-MU-IZ-HR-PR-HO-PS,10,74376.6579178627
UC-MU-IZ-HR-PR-HO-TR,27,178936.48572787608
UC-MU-IZ-HR-PR-HO-TR-PS,12,121088.16832175573
UC-MU-IZ-LS-PS,2,179996.9792276925
UC-MU-IZ-PR-HO,64,345910.2141707009
UC-MU-IZ-PR-HO-BC,3,127139.5716702169
UC-MU-IZ-PR-HO-LS-PS,2,222678.5213513733
UC-MU-IZ-PR-HO-PS,55,255399.61669196116
UC-MU-IZ-PR-HO-TR,25,228455.34571766466
UC-MU-IZ-PR-HO-TR-PS,8,189398.02857089217
UI,765,13575981.233825054
UI-FP,113,2107946.6370077366
UI-FP-LS,8,108896.6089242898
UI-FP-LS-PS,59,3377212.185877869
UI-FP-LS-PS-HS,2,271156.0871619024
UI-FP-LS-RR-PS,4,1308467.3197726207
UI-FP-LS-SR,1,972.9629134255272
UI-FP-LS-SR-PS,15,5462276.470932276
UI-FP-LS-TR-PS,1,71411.92972247314
UI-FP-LS-TR-SR-PS,5,3561592.902446567
UI-FP-NP-PR-HO-TR-PS-HD,1,817657.8722083376
UI-FP-PR,5,200821.8794993626
UI-FP-PR-HO,2,36381.347974748205
UI-FP-PR-HO-LS-RR-PS,1,1060596.6868890868
UI-FP-PR-HO-LS-RR-PS-HD,1,5023865.88163913
UI-FP-PR-HO-LS-TR-SR-PS-HS,1,1587844.8418456563
UI-FP-PR-LS-RR-PS-HD,1,1656040.3630040418
UI-FP-PR-LS-SR-PS,1,490737.774721325
UI-FP-PR-RR-SR-PS-HD,1,277933.3435401783
UI-FP-PS,41,3370240.702691584
UI-FP-RR-PS,1,34609.72397548803
UI-FP-RR-PS-HD,1,123366.26833527717
UI-FP-SR,43,1944305.4081319566
UI-FP-SR-PS,54,12945631.739807788
UI-FP-TR,1,10599.35234073115
UI-FP-TR-PS,4,284717.91120751307
UI-FP-TR-SR,1,7334.265173376148
UI-FP-TR-SR-PS,14,2785783.3511520405
UI-FP-UM-LS-SR-PS,2,2295281.9592231163
UI-FP-UM-LS-TR-SR-PS,2,4687281.510917386
UI-FP-UM-SR-PS,5,260840.9893114253
UI-HS,3,31422.56533285566
UI-IZ,66,740520.9610551684
UI-IZ-BC-PS,1,16888.66369425422
UI-IZ-FP-LS-TR-PS,1,585171.7279150239
UI-IZ-LS,4,13072.360264412548
UI-IZ-LS-BC-PS,5,1553203.3266657214
UI-IZ-LS-PS,68,1226140.365364463
UI-IZ-LS-TR-PS,12,1687368.9105494784
UI-IZ-PR-HO-PS,1,39087.563119460654
UI-IZ-PS,21,757674.8316018814
UI-IZ-TR,47,634401.3444255423
UI-IZ-TR-HS,2,9734.085201570444
UI-IZ-TR-PS,31,2109823.5810916377
UI-IZ-TR-PS-HS,4,437660.83788699465
UI-LS,15,1188249.040607957
UI-LS-PS,329,25666284.02849552
UI-LS-PS-HS,9,32439030.0525238
UI-LS-SR-PS,8,758415.7168389474
UI-LS-TR,2,14942.764886504781
UI-LS-TR-PS,71,6957354.30364078
UI-NP,49,1227836.8874343138
UI-NP-HD,16,256639.85911822566
UI-NP-PR-HO,1,27417.143094891526
UI-NP-PR-HO-PS-HD,2,44749.031465939006
UI-NP-PS,19,4130042.4541103244
UI-NP-TR,8,374833.80878910393
UI-PR,5,252797.7938652288
UI-PR-HO,12,220589.2498227859
UI-PR-HO-HD,2,79544.07440213751
UI-PR-HO-LS-PS,1,3134924.669674102
UI-PR-HO-PS,4,58002.83578142275
UI-PR-LS-TR-PS,2,2944212.5335562825
UI-PR-PS,15,5796217.885750137
UI-PR-TR,1,246855.40206268238
UI-PR-TR-PS,7,1493650.1187045195
UI-PS,225,19893225.870172497
UI-SR,3,625081.7599540041
UI-SR-PS,11,2016976.6647047747
UI-TR,55,1057945.498267768
UI-TR-PS,80,6232476.640881011
UI-TR-PS-HS,2,5099.7561484213165
UI-TR-SR-PS,1,987380.369741576
UI-UM,7,591569.2258443556
UI-UM-LS-PS,18,4784209.300399202
UI-UM-LS-TR-PS,3,3243536.5091164066
UI-UM-PR-LS-TR-PS-HS,1,110132.46446617658
UI-UM-PS,46,1188336.0700455627
UNC,7,1095463.6202809366
UNC-BC,8,241762.95523728008
UNC-BC-TR,174,2237407.9302056716
UNC-BC-TR-PS,15,724629.6305607895
UNC-FP-NP-PR-HO-TR-PS-HD,1,817657.8722083376
UNC-FP-NP-PS,1,6629.039246286475
UNC-FP-PR-HO,1,25949.14332949883
UNC-FP-PR-HO-RR-PS,1,5631234.432525643
UNC-FP-PS,1,2430.7806020838684
UNC-IZ,3,22313.884697865018
UNC-IZ-BC,51,1241982.51687682
UNC-IZ-BC-PS,11,365953.3598811684
UNC-IZ-BC-TR,7,216358.105395135
UNC-IZ-BC-TR-PS,2,87195.5580853818
UNC-IZ-LS,2,5534.7578480146585
UNC-IZ-LS-BC,1,10212.287401718739
UNC-IZ-LS-BC-PS,20,2140338.7641713964
UNC-IZ-LS-PS,15,146779.25866088478
UNC-IZ-TR,1,14386.635215353203
UNC-LS-BC-PS,14,462498.9065254847
UNC-LS-BC-TR-PS,1,770727.9913937873
UNC-NP,6,256911.38472498892
UNC-NP-HD,1,14342.934446905476
UNC-NP-PR,13,658491.9259190526
UNC-NP-PR-HD,2,292616.2538884937
UNC-NP-PR-HO-TR-PS,1,136548.4280549943
UNC-NP-PR-HO-TR-PS-HD,1,4204769.150536856
UNC-NP-PR-HS,3,196958.7486818157
UNC-NP-PR-TR-HD,2,372952.14431150386
UNC-NP-PR-TR-PS-HD,1,69621.11049282427
UNC-NP-TR,9,209666.77482695546
UNC-NP-TR-PS,14,1048898.9101353846
UNC-NP-TR-PS-HD,1,78316.70393495605
UNC-PR,28,1519697.6076879369
UNC-PR-BC,1,46005.75328460929
UNC-PR-BC-TR,110,1967439.7797652998
UNC-PR-BC-TR-PS,7,766495.1277549991
UNC-PR-HO,1,3485.0739392479218
UNC-PR-HO-TR-PS,4,21164.991316610256
UNC-PR-HS,5,283809.4324703656
UNC-PR-LS-BC-TR-PS,1,519894.4967410597
UNC-PR-PS,1,2064037.9664844219
UNC-PR-TR,5,2571046.593027519
UNC-PR-TR-PS,4,179691.01122076783
UNC-PS,4,1682793.8196965565
UNC-TR,13,354184.75505924155
UNC-TR-PS,2,107678.89842585562
UNC-UM,7,139467.33379798033
UNC-UM-PS,42,3586983.967453956
UPR-A-PR,173,1001053.6411068133
UPR-A-PR-PS,59,398393.54945904325
UPR-A-PR-TR,31,207108.9161706314
UPR-A-PR-TR-PS,4,855913.3649359249
UPR-B-IZ-PR-LS-PS,3,1379070.7882253765
UPR-B-IZ-PR-PS,1,16999.046631586993
UPR-B-PR,492,1994620.6956629597
UPR-B-PR-HS,6,121318.38014780435
UPR-B-PR-LS,7,25206.97586863641
UPR-B-PR-LS-PS,104,656734.0451486254
UPR-B-PR-PS,30,284946.59083779255
